iter	Logloss
0	0.676043699111	0.659994513522	0.644731057833	0.632252239944	0.619526944655	0.606838018766	0.594546815277	0.583930559688	0.574628225399	0.5651868746110	0.5556656772111	0.5455860765112	0.5359519916
