iter	Logloss
0	0.678620538911	0.663437405622	0.647823505233	0.634212335144	0.620238406455	0.606534993966	0.594724338477	0.584060233788	0.574109450699	0.5655951208110	0.5577091147111	0.5476145934112	0.540593552
